dataset,AKIEC,BCC,BKL,DF,MEL,NV,UNK,VASC,target
ISIC2018,3.2651023464802793,5.132301547678482,10.973539690464303,1.1482775836245633,11.11333000499251,66.94957563654518,0.0,1.417873190214678,0.0
ISIC2019,0.0,0.0,0.0,0.0,0.0,0.0,82.19105302305813,0.0,17.80894697694188
ISIC2020,0.0,0.0,0.0,0.0,0.0,0.0,98.23711378629197,0.0,1.7628862137080241
