,mean,std,formatted
best_epoch,1,1,1.000 ± 1.000
best_val_loss,1.974158951,0.048659508,1.974 ± 0.049
final_train_loss,0.000489908,0.000219692,0.000 ± 0.000
best_train_loss,0.000236716,2.55E-05,0.000 ± 0.000
best_train_loss_epoch,49,7.937253933,49.000 ± 7.937
final_val_loss,2.764608411,0.174637801,2.765 ± 0.175
best_val_loss_epoch,1,1,1.000 ± 1.000
