,mean,std,formatted
best_epoch,1.0,1.0,1.000 ± 1.000
best_val_loss,1.9741589508804622,0.048659508355042944,1.974 ± 0.049
final_train_loss,0.0004899080753709902,0.00021969237717795956,0.000 ± 0.000
best_train_loss,0.00023671611534808976,2.5548535838374295e-05,0.000 ± 0.000
best_train_loss_epoch,49.0,7.937253933193772,49.000 ± 7.937
final_val_loss,2.7646084112279556,0.17463780121433103,2.765 ± 0.175
best_val_loss_epoch,1.0,1.0,1.000 ± 1.000
