Method,Clean_Mean,Clean_Std,Clean_CI95,Robust_Mean,Robust_Std,Robust_CI95
PGD-AT,47.10578842315369,24.873935644595853,28.14750794281717,4.424484364604125,6.974850862987068,7.892786765674031
TRADES,42.34863606121091,21.35106643028261,24.161006143978124,3.6593479707252166,5.992457883804499,6.781104457751164
