Method,Clean_Mean,Clean_Std,Clean_CI95,Robust_Mean,Robust_Std,Robust_CI95
TRADES,66.36726546906188,1.6489732177503351,1.8659888570630934,24.25149700598803,5.0376963928638565,5.700690122290487
