{
  "same_layer_cka": {
    "layer1": -1.3840611933800699e-35,
    "layer2": -5.721076182210631e-32,
    "layer3": -1.4587998952436877e-27,
    "layer4": -1.7655831511961757e-25
  },
  "representation_shift": {
    "layer1": {
      "l2_mean": 0.06974942982196808,
      "l2_std": 0.004265372175723314,
      "cos_mean": 0.999692976474762,
      "cos_std": 2.8345197279122658e-05
    },
    "layer2": {
      "l2_mean": 0.3784063160419464,
      "l2_std": 0.04585373029112816,
      "cos_mean": 0.999889075756073,
      "cos_std": 1.5813522622920573e-05
    },
    "layer3": {
      "l2_mean": 4.281520366668701,
      "l2_std": 0.7978928089141846,
      "cos_mean": 0.9999805092811584,
      "cos_std": 2.737471731961705e-06
    },
    "layer4": {
      "l2_mean": 12.826950073242188,
      "l2_std": 2.646019220352173,
      "cos_mean": 0.9999805688858032,
      "cos_std": 2.071399194392143e-06
    }
  },
  "cka_matrices": {
    "clean_self": [
      [
        9.200091041937827e-71,
        -2.3791615325554293e-70,
        1.3095727633339958e-68,
        -3.043372253769117e-67
      ],
      [
        -2.3791615325554293e-70,
        1.046625791778124e-67,
        -4.462514755108586e-66,
        2.19958511639197e-65
      ],
      [
        1.3095727633339958e-68,
        -4.462514755108586e-66,
        1.985422399061904e-63,
        3.672715441823255e-63
      ],
      [
        -3.043372253769117e-67,
        2.19958511639197e-65,
        3.672715441823255e-63,
        5.755188802316518e-61
      ]
    ],
    "adv_self": [
      [
        0.9999984863545935,
        0.9995446695545067,
        0.9988074180321828,
        0.9953940487409766
      ],
      [
        0.9995446695545067,
        0.9999999992756264,
        0.9993509663835491,
        0.9973180226659474
      ],
      [
        0.9988074180321828,
        0.9993509663835491,
        0.9999999999999837,
        0.9968545967584904
      ],
      [
        0.9953940487409766,
        0.9973180226659474,
        0.9968545967584904,
        0.9999999999999997
      ]
    ],
    "cross": [
      [
        -1.3840611933800699e-35,
        -6.455758497749219e-34,
        -1.373330253917606e-31,
        -1.2148263151552685e-30
      ],
      [
        -1.263932774596295e-33,
        -5.721076182210631e-32,
        -1.1297771184188193e-29,
        -1.3908377030369534e-28
      ],
      [
        -1.5943753588169353e-31,
        -7.20244332035945e-30,
        -1.4587998952436877e-27,
        -1.796410421518928e-26
      ],
      [
        -1.6762100158496266e-30,
        -7.887291969942749e-29,
        -1.7436551581556004e-26,
        -1.7655831511961757e-25
      ]
    ]
  },
  "n_samples": 112,
  "most_affected_layer": "layer4",
  "min_cka_value": -1.7655831511961757e-25
}
