{
  "clean": {
    "mean": 28.79188712522046,
    "std": 33.83272494798593,
    "values": [
      76.58730158730158,
      2.9761904761904763,
      6.8121693121693125
    ]
  },
  "FGSM": {
    "0.01": {
      "robust_accuracy": {
        "mean": 19.90740740740741,
        "std": 17.62496855139255
      },
      "accuracy_drop": {
        "mean": 8.884479717813049,
        "std": 16.260189611261538
      }
    },
    "0.02": {
      "robust_accuracy": {
        "mean": 16.887125220458554,
        "std": 14.34614453173136
      },
      "accuracy_drop": {
        "mean": 11.904761904761903,
        "std": 19.54862073740734
      }
    },
    "0.03": {
      "robust_accuracy": {
        "mean": 15.101410934744267,
        "std": 12.605564867904523
      },
      "accuracy_drop": {
        "mean": 13.69047619047619,
        "std": 21.278830459834044
      }
    },
    "0.05": {
      "robust_accuracy": {
        "mean": 12.962962962962962,
        "std": 10.90888982761642
      },
      "accuracy_drop": {
        "mean": 15.828924162257495,
        "std": 22.95074136249387
      }
    },
    "0.1": {
      "robust_accuracy": {
        "mean": 11.089065255731922,
        "std": 9.373559650859944
      },
      "accuracy_drop": {
        "mean": 17.70282186948853,
        "std": 24.460549632958227
      }
    }
  },
  "PGD": {
    "eps0.01_steps10": {
      "robust_accuracy": {
        "mean": 9.193121693121693,
        "std": 7.478128325647719
      },
      "accuracy_drop": {
        "mean": 19.598765432098762,
        "std": 26.698686835716913
      }
    },
    "eps0.01_steps20": {
      "robust_accuracy": {
        "mean": 8.928571428571429,
        "std": 7.2119268182394585
      },
      "accuracy_drop": {
        "mean": 19.86331569664903,
        "std": 26.979173416522972
      }
    },
    "eps0.01_steps40": {
      "robust_accuracy": {
        "mean": 8.840388007054672,
        "std": 7.093971235947067
      },
      "accuracy_drop": {
        "mean": 19.95149911816578,
        "std": 27.103834858996947
      }
    },
    "eps0.02_steps10": {
      "robust_accuracy": {
        "mean": 5.158730158730159,
        "std": 4.514181612825026
      },
      "accuracy_drop": {
        "mean": 23.633156966490294,
        "std": 29.40538634888591
      }
    },
    "eps0.02_steps20": {
      "robust_accuracy": {
        "mean": 4.850088183421517,
        "std": 4.247018315079022
      },
      "accuracy_drop": {
        "mean": 23.94179894179894,
        "std": 29.65692832579309
      }
    },
    "eps0.02_steps40": {
      "robust_accuracy": {
        "mean": 4.80599647266314,
        "std": 4.186159065755881
      },
      "accuracy_drop": {
        "mean": 23.985890652557316,
        "std": 29.71926856530119
      }
    },
    "eps0.03_steps10": {
      "robust_accuracy": {
        "mean": 3.350970017636684,
        "std": 3.3712142598968744
      },
      "accuracy_drop": {
        "mean": 25.440917107583772,
        "std": 30.47960496847431
      }
    },
    "eps0.03_steps20": {
      "robust_accuracy": {
        "mean": 3.064373897707231,
        "std": 3.012628854266244
      },
      "accuracy_drop": {
        "mean": 25.727513227513224,
        "std": 30.83888165582162
      }
    },
    "eps0.03_steps40": {
      "robust_accuracy": {
        "mean": 3.0423280423280423,
        "std": 2.981819094543715
      },
      "accuracy_drop": {
        "mean": 25.749559082892414,
        "std": 30.870039129726386
      }
    },
    "eps0.05_steps10": {
      "robust_accuracy": {
        "mean": 1.7857142857142856,
        "std": 2.1046576692879406
      },
      "accuracy_drop": {
        "mean": 27.006172839506174,
        "std": 31.7293245523551
      }
    },
    "eps0.05_steps20": {
      "robust_accuracy": {
        "mean": 1.6534391534391533,
        "std": 1.9641855032959654
      },
      "accuracy_drop": {
        "mean": 27.138447971781304,
        "std": 31.870774416775316
      }
    },
    "eps0.05_steps40": {
      "robust_accuracy": {
        "mean": 1.609347442680776,
        "std": 1.9487837857680392
      },
      "accuracy_drop": {
        "mean": 27.18253968253968,
        "std": 31.88768184906155
      }
    },
    "eps0.1_steps10": {
      "robust_accuracy": {
        "mean": 0.9700176366843034,
        "std": 1.3718120975400394
      },
      "accuracy_drop": {
        "mean": 27.821869488536155,
        "std": 32.462445315707775
      }
    },
    "eps0.1_steps20": {
      "robust_accuracy": {
        "mean": 0.8597883597883599,
        "std": 1.2159243591832167
      },
      "accuracy_drop": {
        "mean": 27.9320987654321,
        "std": 32.618152422260366
      }
    },
    "eps0.1_steps40": {
      "robust_accuracy": {
        "mean": 0.837742504409171,
        "std": 1.184746811511852
      },
      "accuracy_drop": {
        "mean": 27.954144620811288,
        "std": 32.64929405043822
      }
    }
  },
  "CW": {
    "robust_accuracy": {
      "mean": 0.5208333333333334,
      "std": 0.736569563735987
    },
    "mean_l2_dist": {
      "mean": 172.22710469563802,
      "std": 1.6902441246269804
    }
  }
}
