{
  "per_seed": {
    "42": {
      "loss": 0.7721192685384599,
      "accuracy": 82.73809523809523,
      "balanced_accuracy": 67.88328463513953,
      "f1_macro": 72.33081538955246,
      "auroc": 96.02747927980133
    },
    "123": {
      "loss": 0.6764973017273757,
      "accuracy": 84.32539682539682,
      "balanced_accuracy": 72.05670567580519,
      "f1_macro": 74.70618374970638,
      "auroc": 96.64150983179984
    },
    "456": {
      "loss": 0.5806705686781142,
      "accuracy": 82.07671957671958,
      "balanced_accuracy": 67.98743461685,
      "f1_macro": 70.93649730856954,
      "auroc": 96.41353330477943
    }
  },
  "aggregated": {
    "accuracy": {
      "mean": 83.04673721340389,
      "std": 0.943603816535831
    },
    "balanced_accuracy": {
      "mean": 69.30914164259825,
      "std": 1.943286373149346
    },
    "auroc": {
      "mean": 96.3608408054602,
      "std": 0.2534307983260645
    },
    "f1_macro": {
      "mean": 72.65783214927613,
      "std": 1.5562431123227207
    }
  },
  "config": {
    "data_root": "/content/drive/MyDrive/data/data/isic_2018",
    "checkpoint_dir": "/content/drive/MyDrive/checkpoints/baseline",
    "results_dir": "/content/drive/MyDrive/results/phase3",
    "model_name": "resnet50",
    "num_classes": 7,
    "pretrained": true,
    "epochs": 30,
    "batch_size": 128,
    "learning_rate": 0.0003,
    "weight_decay": 0.0001,
    "num_workers": 4,
    "pin_memory": true,
    "use_amp": true,
    "image_size": 224,
    "seeds": [
      42,
      123,
      456
    ],
    "class_names": [
      "AKIEC",
      "BCC",
      "BKL",
      "DF",
      "MEL",
      "NV",
      "VASC"
    ]
  }
}
