Strategy,τ_conf,τ_stab,Accuracy,Coverage,Precision,Recall,F1,N_Selected
Softmax + SSIM,0.55,0.4,0.8960674157303371,0.712,0.8960674157303371,0.8898186889818689,0.8929321203638908,712
Entropy + Rank Corr,0.5,0.4,0.27586206896551724,0.058,0.27586206896551724,0.022315202231520222,0.04129032258064516,58
Softmax + L2,0.5,0.4,0.6666666666666666,0.501,0.6666666666666666,0.46582984658298465,0.5484400656814449,501
