{
  "seeds": [
    42,
    123,
    456
  ],
  "clean_accuracy": [
    {
      "accuracy": 0.1130952380952381,
      "auroc_macro": 0.5378459041531397,
      "auroc_weighted": 0.42612376432284177,
      "f1_macro": 0.02902979373567609,
      "f1_weighted": 0.02298192004074357,
      "mcc": 0.0
    },
    {
      "accuracy": 0.03306878306878307,
      "auroc_macro": 0.45794828900377865,
      "auroc_weighted": 0.37161984621026956,
      "f1_macro": 0.023106217221164477,
      "f1_weighted": 0.012359728917223863,
      "mcc": -0.00933781120826459
    },
    {
      "accuracy": 0.07936507936507936,
      "auroc_macro": 0.5180373715081409,
      "auroc_weighted": 0.42221041514336266,
      "f1_macro": 0.03751305997316857,
      "f1_weighted": 0.02176673473468596,
      "mcc": -0.01922932817404974
    }
  ],
  "robust_accuracy": {
    "fgsm_eps8": {
      "robust_accuracy": 11.30952380952381,
      "mean_linf": 1.640472412109375,
      "mean_l2": 171.70034790039062,
      "attack": "fgsm",
      "epsilon": 0.03137254901960784
    },
    "pgd_eps8": {
      "robust_accuracy": 11.30952380952381,
      "mean_linf": 1.640472412109375,
      "mean_l2": 171.64553833007812,
      "attack": "pgd",
      "epsilon": 0.03137254901960784
    }
  },
  "aggregated": {
    "clean_accuracy_mean": 0.07517636684303351,
    "clean_accuracy_std": 0.032804647642974465,
    "auroc_macro_mean": 0.5046105215550197,
    "auroc_macro_std": 0.03397172796494731
  }
}
